{
    "_embedded": {
        "images": [
            {
                "picture_id": "62573332",
                "_links": {
                    "self": {
                        "href": "https://ws-public.interpol.int/notices/v1/red/2022-69548/images/62573332" // Wide Thumbnail
                    }
                }
            }
        ]
    },
    "_links": {
        "self": {
            "href": "https://ws-public.interpol.int/notices/v1/red/2022-69548/images" // Images.json
        },
        "notice": {
            "href": "https://ws-public.interpol.int/notices/v1/red/2022-69548" // Notice.json
        },
        "thumbnail": {
            "href": "https://ws-public.interpol.int/notices/v1/red/2022-69548/images/62573333" // Thumbnail.png
        }
    }
}