{
    "arrest_warrants": [
        {
            "issuing_country_id": "BO",
            "charge": "Drug Traficing",
            "charge_translation": null
        },
        {
            "issuing_country_id": "US",
            "charge": "Drug Traficing",
            "charge_translation": null
        },
        {
            "issuing_country_id": "US",
            "charge": "Tax Evasion",
            "charge_translation": null
        },
        {
            "issuing_country_id": "US",
            "charge": "3rd Degree Murder",
            "charge_translation": null
        },
        {
            "issuing_country_id": "US",
            "charge": "Assult",
            "charge_translation": null
        },
        {
            "issuing_country_id": "AU",
            "charge": "Drug Traficing",
            "charge_translation": null
        },
        {
            "issuing_country_id": "AU",
            "charge": "Tax Evasion",
            "charge_translation": null
        },
        {
            "issuing_country_id": "AU",
            "charge": "Assult",
            "charge_translation": null
        },
        {
            "issuing_country_id": "IN",
            "charge": "Drug Traficing",
            "charge_translation": null
        },
        {
            "issuing_country_id": "IN",
            "charge": "3rd Degree Murder",
            "charge_translation": null
        },
        {
            "issuing_country_id": "IN",
            "charge": "Assult",
            "charge_translation": null
        },
        {
            "issuing_country_id": "BR",
            "charge": "Drug Traficing",
            "charge_translation": null
        },
        {
            "issuing_country_id": "BR",
            "charge": "Tax Evasion",
            "charge_translation": null
        }
    ],
    "weight": null,
    "forename": "ANIL",
    "date_of_birth": "1975/04/25",
    "entity_id": "2022/69548",
    "languages_spoken_ids": [
        "ENG"
    ],
    "nationalities": [
        "IN",
        "AU"
    ],
    "height": null,
    "sex_id": "M",
    "country_of_birth_id": "IN",
    "name": "PATEL",
    "distinguishing_marks": null,
    "eyes_colors_id": null,
    "hairs_id": null,
    "place_of_birth": "Potosi",
    "_embedded": {
        "links": []
    },
    "_links": {
        "self": {
            "href": "https://ws-public.interpol.int/notices/v1/red/2022-69548" // Notice.json
        },
        "images": {
            "href": "https://ws-public.interpol.int/notices/v1/red/2022-69548/images" // images.json
        },
        "thumbnail": {
            "href": "https://ws-public.interpol.int/notices/v1/red/2022-69548/images/62573333" // thumbnail.png
        }
    }
}